,type_school,school_accreditation,gender,interest,residence,parent_age,parent_salary,house_area,average_grades,parent_was_in_college,will_go_to_college
0,0,0,1,1,1,56,6950000,83.0,84.09,0,1
1,0,0,1,1,1,57,4410000,76.8,86.91,0,1
2,0,1,0,4,1,50,6500000,80.6,87.43,0,1
3,1,1,1,4,0,49,6600000,78.2,82.12,1,1
4,0,0,0,4,1,57,5250000,75.1,86.79,0,0
5,1,1,0,1,0,48,3770000,65.3,86.79,1,0
6,0,0,1,4,0,52,6680000,85.5,90.39,1,1
7,0,1,1,4,0,53,5890000,83.3,84.65,1,0
8,0,1,0,3,0,52,6730000,80.3,88.5,1,1
9,0,1,0,4,0,47,3880000,68.0,85.43,1,0
10,1,0,1,2,0,57,5680000,67.1,89.45,1,0
11,1,1,1,3,0,48,5950000,60.7,84.96,1,0
12,1,1,1,3,0,47,6930000,65.4,86.23,1,0
13,0,1,1,4,0,53,7130000,88.5,91.92,1,1
14,0,0,1,4,1,51,3370000,67.1,84.09,0,0
15,1,0,0,1,1,53,6940000,50.1,89.71,1,1
16,0,1,1,4,0,48,3970000,63.5,86.38,1,0
17,1,1,0,4,0,49,6790000,75.9,85.68,1,0
18,1,0,0,1,0,47,7180000,68.3,84.9,0,0
19,1,1,0,4,0,47,4090000,54.5,85.94,1,0
20,1,1,0,4,1,52,6680000,64.5,87.64,1,1
21,0,1,0,0,1,56,2600000,77.5,86.5,1,0
22,0,0,0,4,1,51,3900000,57.9,83.18,0,0
23,0,1,0,0,1,60,4250000,58.1,83.99,0,0
24,0,1,1,4,1,54,6400000,83.8,88.3,0,1
25,1,0,1,2,1,51,5760000,71.5,83.42,0,1
26,1,1,1,4,0,55,4950000,94.6,85.39,1,0
27,1,0,1,3,1,53,4720000,78.5,82.26,0,1
28,1,1,1,2,0,51,4890000,90.0,87.36,1,0
29,1,1,0,3,0,50,6450000,78.4,85.86,1,0
30,1,0,1,4,0,49,6470000,74.6,86.32,1,1
31,1,1,1,1,1,54,5080000,40.7,82.39,1,0
32,0,0,1,4,1,60,3230000,79.6,85.96,0,0
33,0,1,1,1,0,52,6130000,76.1,82.7,1,0
34,1,0,0,4,0,52,5700000,102.8,85.31,1,1
35,0,0,0,4,1,53,5900000,79.7,88.96,0,1
36,0,0,1,3,1,55,6610000,76.1,89.83,0,1
37,1,0,0,4,0,48,5940000,62.4,83.67,1,0
38,0,0,1,1,1,54,7310000,54.6,83.57,0,0
39,1,1,0,2,0,53,4660000,80.2,86.73,1,0
40,0,0,0,2,1,50,5630000,69.9,80.5,0,1
41,0,1,0,1,1,53,3970000,65.6,88.49,1,0
42,1,1,0,4,1,53,5550000,82.9,83.74,1,1
43,1,0,0,4,0,52,6680000,89.2,89.35,1,1
44,1,0,0,4,1,50,5570000,75.8,83.55,0,1
45,0,0,1,3,1,50,2660000,64.6,79.92,1,0
46,0,0,0,3,0,51,4720000,57.2,84.81,1,0
47,1,0,1,4,1,55,4740000,97.1,90.49,0,1
48,0,0,0,3,0,54,7260000,77.1,89.02,1,1
49,1,0,1,3,0,53,5570000,79.7,88.42,0,0
50,1,0,1,4,0,46,7460000,89.7,90.78,1,1
51,1,0,1,1,1,56,6110000,61.6,87.56,0,1
52,1,1,0,3,0,51,5930000,79.8,92.53,1,1
53,0,1,0,1,1,51,3850000,57.2,84.37,0,0
54,1,1,1,3,0,51,6540000,87.1,88.19,1,0
55,1,0,1,4,1,55,4880000,88.2,93.05,0,1
56,1,0,1,3,0,55,4590000,75.0,94.03,1,1
57,1,0,1,3,0,47,6390000,70.3,84.25,1,0
58,0,0,0,0,1,46,7610000,59.8,83.17,0,0
59,0,0,1,4,1,55,3760000,87.1,91.15,1,1
60,0,0,0,2,0,49,6220000,84.0,82.48,1,1
61,0,1,1,1,0,49,6210000,82.3,83.72,0,0
62,1,0,1,2,1,51,4800000,66.2,79.17,0,1
63,1,0,0,4,0,48,5840000,79.7,85.51,1,0
64,0,0,1,0,1,55,5610000,82.4,82.49,0,0
65,1,0,1,1,1,54,5620000,68.6,86.0,0,1
66,1,1,1,3,0,52,6300000,77.8,86.73,1,0
67,0,0,1,4,1,52,4740000,50.9,84.78,0,0
68,1,0,1,2,0,51,5720000,84.1,86.89,1,1
69,1,0,0,4,0,53,6200000,81.2,89.19,1,1
70,0,0,0,4,1,53,5570000,93.5,88.92,0,1
71,1,1,1,3,0,49,6700000,78.9,87.54,1,0
72,0,1,0,4,0,47,4100000,60.6,83.24,1,0
73,0,0,0,1,1,57,3200000,74.8,84.93,0,0
74,1,1,1,2,0,54,7570000,74.6,93.57,1,1
75,1,1,0,0,1,55,4200000,51.2,84.02,0,0
76,0,1,1,3,1,57,4500000,50.7,80.55,0,1
77,1,0,1,4,0,54,5750000,94.1,88.87,0,1
78,0,1,1,3,0,50,8390000,81.4,89.21,1,1
79,0,0,1,4,1,52,6550000,79.4,91.17,0,1
80,0,1,0,4,1,54,4730000,88.4,82.52,0,0
81,1,1,1,3,0,50,5540000,86.8,85.88,1,0
82,0,1,1,1,1,58,5030000,69.9,82.39,0,1
83,1,0,1,3,1,52,5920000,76.0,86.2,0,1
84,0,0,0,0,1,56,3990000,61.0,84.48,0,0
85,1,1,0,0,1,56,5280000,56.0,88.38,0,0
86,1,0,1,1,1,55,6090000,75.3,89.31,1,1
87,1,0,1,1,1,51,7040000,57.6,87.37,1,1
88,1,0,0,4,1,52,5420000,83.4,83.14,0,1
89,1,0,1,4,1,53,5510000,76.4,83.7,0,1
90,0,0,0,1,1,55,4740000,65.0,87.56,0,0
91,1,1,1,0,1,54,3240000,54.5,81.7,0,0
92,1,0,1,0,1,60,6650000,96.7,92.76,0,1
93,0,1,1,1,1,52,4070000,58.0,85.08,1,0
94,1,1,1,4,0,41,9110000,79.2,91.7,1,1
95,0,1,0,4,0,49,7480000,84.1,87.4,1,1
96,1,0,1,3,0,48,5740000,65.2,83.28,0,0
97,1,0,0,4,1,54,6020000,84.3,87.17,1,1
98,0,1,0,4,0,51,6460000,87.2,84.75,1,1
99,1,0,1,3,0,52,5610000,104.2,83.73,0,1
100,0,0,0,3,1,52,3520000,69.2,82.44,0,0
101,0,0,1,4,1,55,3100000,82.5,84.05,0,0
102,1,0,1,3,0,52,5570000,96.9,85.81,0,1
103,0,0,0,1,0,51,5050000,74.7,84.28,0,0
104,0,0,0,4,1,52,5430000,81.5,90.54,0,1
105,1,0,0,3,0,53,4760000,82.8,85.77,1,0
106,1,0,0,4,0,49,6370000,97.9,85.37,1,1
107,0,1,1,4,0,54,5840000,86.7,88.18,1,1
108,0,0,1,1,1,59,4370000,73.4,84.01,0,0
109,0,0,1,0,1,57,6090000,34.0,83.5,0,0
110,1,0,1,3,0,51,5200000,74.7,86.62,1,0
111,0,1,0,1,1,52,2960000,79.4,86.99,1,0
112,0,1,1,1,0,52,8160000,75.9,93.55,1,1
113,1,1,0,0,1,52,4540000,45.9,84.98,1,0
114,0,1,0,4,0,49,7790000,80.2,87.53,1,1
115,1,0,1,1,0,43,7510000,60.5,84.64,0,0
116,1,0,1,3,0,50,6030000,75.9,86.34,0,0
117,0,0,1,4,0,53,4260000,76.2,89.55,0,0
118,1,1,0,1,1,60,4720000,77.6,83.62,0,1
119,1,1,1,2,0,55,2920000,82.5,85.43,1,0
120,1,1,0,0,1,49,4150000,46.1,81.91,1,0
121,0,1,1,3,0,48,7700000,67.0,88.34,1,1
122,0,1,0,4,0,52,6710000,77.8,88.17,1,1
123,1,1,0,2,0,46,6650000,77.7,83.72,1,1
124,0,1,0,1,1,56,6990000,67.5,89.74,1,1
125,0,0,0,1,1,54,5230000,49.8,82.32,0,0
126,0,1,1,2,0,46,7200000,76.0,92.99,1,1
127,0,1,1,1,1,50,3430000,59.1,84.1,0,0
128,1,1,1,2,0,50,4850000,71.6,93.53,1,1
129,0,1,1,1,1,53,3510000,70.5,85.29,1,0
130,1,1,0,4,0,55,5650000,73.0,84.81,0,0
131,0,0,0,3,0,46,2780000,62.0,79.02,1,0
132,1,1,1,3,0,53,6380000,89.6,88.18,1,1
133,1,1,1,0,0,50,5070000,49.3,85.72,1,0
134,0,1,0,3,0,50,4410000,90.6,96.56,1,1
135,1,1,1,3,0,49,4190000,87.2,83.54,1,0
136,0,1,0,4,1,53,4930000,89.1,92.08,1,1
137,0,0,0,4,1,49,4100000,58.4,83.16,0,0
138,0,0,0,1,1,53,4510000,52.6,81.87,0,0
139,0,0,1,0,1,53,3320000,63.4,83.62,0,0
140,1,0,1,4,0,54,5890000,85.6,88.55,0,1
141,0,0,0,0,1,58,4950000,50.4,83.52,0,0
142,1,0,1,1,0,48,8120000,68.8,82.45,0,0
143,0,0,0,3,0,47,6360000,84.5,82.23,1,1
144,1,1,0,3,0,53,3980000,80.5,84.13,1,0
145,0,1,1,4,0,50,6460000,79.3,86.48,1,1
146,1,0,0,3,0,49,5710000,74.3,82.02,1,1
147,0,1,0,1,1,56,5670000,75.3,83.71,0,0
148,1,1,0,3,0,42,8080000,83.0,89.39,1,1
149,0,1,0,1,1,49,4840000,54.9,85.81,1,0
150,0,1,0,3,0,48,5020000,88.0,92.47,1,1
151,1,1,0,3,0,46,7080000,46.3,84.33,1,1
152,0,1,0,4,1,58,5390000,74.9,86.92,0,1
153,0,1,0,3,0,52,4890000,109.1,80.65,1,1
154,1,1,1,3,0,55,3610000,79.0,83.12,1,0
155,1,0,0,4,0,49,6750000,77.4,86.38,1,1
156,1,0,1,3,1,56,3970000,84.7,86.49,0,0
157,1,1,0,3,0,52,4150000,78.3,84.49,1,0
158,0,0,0,1,1,55,6960000,78.5,83.84,0,0
159,1,1,0,0,1,54,3680000,51.7,85.09,1,0
160,1,1,1,3,0,54,4640000,84.3,92.8,1,1
161,0,1,1,4,1,52,6750000,90.1,86.23,0,1
162,0,0,1,1,1,54,3650000,76.4,87.09,0,0
163,0,0,0,4,1,56,3700000,72.7,85.14,0,0
164,0,1,1,2,0,49,7570000,62.3,89.95,1,1
165,0,1,1,3,1,53,6160000,80.8,91.16,1,1
166,1,1,0,3,0,54,4840000,84.6,86.15,1,0
167,0,0,0,4,1,59,2910000,79.6,85.24,0,0
168,1,0,0,1,0,49,5920000,100.2,83.94,1,1
169,0,1,0,1,1,50,3360000,63.5,84.98,1,0
170,1,0,1,3,1,55,5610000,65.0,88.23,0,1
171,0,1,0,2,0,50,8290000,67.4,89.16,1,1
172,0,0,1,4,1,60,1830000,75.9,81.19,0,0
173,1,1,1,1,0,50,6680000,87.9,86.56,1,1
174,0,0,1,1,1,53,4180000,69.3,80.96,0,0
175,0,1,1,4,0,49,3770000,66.7,85.93,1,0
176,1,0,1,4,0,52,6140000,86.3,87.28,0,1
177,0,1,0,3,0,52,5340000,85.2,95.1,1,1
178,0,0,0,1,1,51,4720000,104.5,87.24,0,1
179,1,0,1,3,0,52,5720000,55.0,85.31,1,0
180,0,0,0,1,1,53,5310000,72.3,81.04,0,0
181,0,0,1,4,1,51,7430000,74.3,88.84,0,1
182,1,1,1,3,0,55,4830000,83.3,87.3,1,0
183,0,1,0,3,0,50,5690000,75.2,91.47,1,1
184,0,0,0,1,0,44,5410000,36.6,83.48,0,0
185,1,1,0,3,0,54,5490000,81.3,91.27,1,1
186,1,0,1,2,1,55,3660000,77.5,78.59,0,1
187,0,0,0,1,1,53,5110000,68.2,82.67,0,0
188,1,1,1,4,1,53,5690000,66.4,86.53,1,1
189,0,1,0,4,0,54,6160000,120.0,88.98,1,1
190,0,1,0,1,0,54,4550000,65.8,84.97,1,0
191,1,1,0,3,0,47,6130000,81.5,84.88,1,0
192,1,0,1,3,0,52,5620000,74.9,85.15,0,0
193,0,1,1,4,1,55,5250000,80.7,83.89,0,0
194,1,1,0,3,0,54,3700000,99.6,83.5,1,0
195,0,0,1,0,1,55,5120000,49.7,85.73,0,0
196,1,0,1,4,0,47,6200000,75.3,82.35,1,1
197,1,1,0,2,0,53,4340000,87.5,85.56,1,0
198,0,1,1,3,0,55,5530000,112.5,88.51,1,1
199,0,1,1,0,1,53,4100000,54.0,84.9,0,0
200,1,0,1,3,1,56,5580000,65.2,85.96,0,1
201,0,0,0,1,1,58,5370000,72.3,84.78,0,0
202,0,1,0,4,0,54,5790000,94.9,86.6,1,1
203,0,0,1,0,1,56,5280000,65.6,88.94,0,0
204,0,0,1,4,1,51,4440000,59.3,84.45,0,0
205,0,0,1,3,1,54,4940000,100.1,83.52,0,1
206,0,0,1,1,1,59,3720000,60.7,84.44,0,0
207,1,1,0,4,0,46,5920000,90.3,81.98,1,0
208,0,0,1,4,1,53,4840000,87.7,89.03,0,1
209,1,0,0,4,0,50,5470000,67.2,80.9,0,0
210,1,1,1,1,0,48,7640000,64.2,86.93,1,1
211,1,1,1,3,0,49,5810000,89.5,87.68,1,0
212,1,1,1,3,0,48,6280000,72.4,85.15,1,0
213,1,0,0,4,1,54,6010000,80.1,87.39,0,1
214,1,0,0,3,1,56,4250000,75.9,84.35,0,0
215,0,0,0,4,1,52,5320000,65.7,85.39,0,1
216,0,0,1,1,1,54,7260000,92.8,89.07,0,1
217,0,1,1,4,1,51,4970000,87.8,89.41,1,1
218,1,1,0,2,0,50,3010000,76.7,82.93,1,0
219,0,0,0,4,1,52,8020000,68.5,83.64,0,1
220,0,1,0,3,1,64,3860000,86.1,85.28,0,1
221,0,0,0,4,1,52,5980000,72.0,87.66,0,1
222,0,0,1,4,1,57,6540000,60.1,85.58,0,0
223,1,1,0,3,1,50,7550000,75.6,89.39,0,1
224,1,0,0,3,1,53,4330000,63.3,91.09,0,1
225,0,1,1,3,1,51,4170000,83.8,90.96,1,1
226,0,1,0,3,1,53,5730000,86.5,83.84,1,1
227,0,1,1,3,1,48,6090000,68.7,90.83,1,1
228,0,1,0,4,0,53,6140000,79.7,92.76,1,1
229,1,0,1,3,0,51,6040000,71.9,88.74,1,1
230,1,1,0,3,1,54,6580000,66.2,88.54,1,1
231,1,1,1,2,1,53,5190000,59.9,92.69,1,1
232,0,1,1,3,1,53,6150000,83.9,91.02,1,1
233,0,0,1,3,0,51,3510000,78.3,83.9,1,0
234,0,1,0,3,1,52,8080000,67.8,87.39,0,1
235,1,1,1,3,1,58,4540000,63.6,84.63,0,0
236,0,1,1,1,1,56,4560000,64.1,87.81,0,0
237,1,1,0,2,0,52,8400000,76.1,91.53,1,1
238,0,1,0,4,0,52,7960000,88.2,93.35,1,1
239,0,0,1,1,1,57,3830000,89.3,84.92,0,1
240,1,0,0,1,1,55,5110000,99.3,86.1,0,1
241,1,0,1,0,1,52,5230000,33.4,81.13,0,0
242,1,1,0,3,0,50,6290000,91.3,87.52,1,0
243,0,0,0,1,0,51,5350000,47.4,82.61,1,0
244,0,1,0,4,1,54,6570000,83.3,89.42,0,1
245,1,0,1,4,1,53,6410000,74.8,85.65,0,1
246,0,1,0,3,0,48,6750000,91.0,85.01,1,1
247,0,1,1,3,1,52,6200000,67.8,88.72,1,1
248,0,1,1,3,0,50,2810000,80.5,85.62,1,0
249,1,1,1,1,1,56,5550000,91.3,86.02,0,1
250,1,0,0,1,1,61,4230000,81.5,84.39,0,1
251,1,1,1,0,1,50,4160000,47.5,81.8,1,0
252,0,1,1,3,0,50,7880000,93.0,96.1,1,1
253,0,1,0,4,1,56,6070000,71.3,86.86,0,1
254,0,0,1,2,0,49,2600000,100.8,88.86,1,0
255,0,1,0,1,1,46,2730000,62.4,83.08,1,0
256,0,0,1,0,1,52,4920000,41.8,81.64,0,0
257,1,1,0,1,0,54,6160000,103.5,88.91,1,1
258,1,0,0,3,0,43,7090000,59.5,84.19,1,0
259,0,1,1,4,1,54,6060000,86.3,86.55,1,1
260,1,0,1,4,1,58,4410000,80.7,85.44,0,1
261,0,0,1,1,1,53,3340000,86.1,90.01,0,1
262,1,1,1,3,0,48,5280000,78.8,82.24,1,0
263,1,1,0,0,1,50,5680000,20.4,80.57,1,0
264,0,1,1,1,1,53,6140000,76.2,84.33,0,0
265,0,1,0,3,1,50,2160000,78.4,83.17,1,0
266,0,0,1,1,1,57,3040000,72.3,84.79,0,0
267,0,1,0,2,0,49,6340000,77.3,92.68,1,1
268,1,0,1,4,1,54,5510000,58.2,84.89,0,1
269,1,0,1,3,0,49,6680000,79.3,87.67,1,1
270,0,0,1,3,0,47,3040000,85.3,85.93,1,0
271,0,0,0,3,1,52,5040000,65.5,88.37,1,1
272,0,1,0,3,0,48,6710000,90.7,85.78,1,1
273,0,0,0,0,1,54,5370000,38.0,82.7,0,0
274,0,1,1,3,0,52,5060000,87.3,93.89,1,1
275,0,1,0,4,0,46,3780000,68.6,89.13,1,0
276,0,1,0,3,0,50,7230000,93.8,89.53,1,1
277,1,1,0,1,1,53,6210000,84.3,85.94,1,1
278,0,1,0,4,0,49,7900000,75.8,90.67,1,1
279,0,0,0,1,1,56,4120000,67.0,86.6,0,0
280,1,0,0,3,0,52,5860000,68.9,89.04,1,1
281,0,0,0,1,0,51,4760000,87.1,82.36,0,0
282,0,0,1,1,1,57,2940000,79.7,82.57,0,0
283,0,1,1,1,1,50,3230000,64.8,86.02,1,0
284,0,1,1,4,1,50,6740000,71.2,87.64,0,1
285,0,0,1,1,0,53,5680000,81.3,84.25,0,0
286,0,1,1,1,1,55,1660000,92.1,88.26,0,0
287,0,1,0,1,1,54,3210000,106.9,92.85,0,1
288,0,0,1,1,0,52,5720000,81.7,83.88,0,0
289,0,1,1,4,0,52,6720000,89.8,88.78,1,1
290,0,0,0,3,1,58,5060000,62.1,88.85,0,0
291,0,0,0,1,1,52,3320000,64.6,82.33,0,0
292,0,1,1,0,1,60,3540000,64.7,83.03,0,0
293,1,1,1,0,1,52,5290000,41.7,86.38,0,0
294,0,1,1,4,0,49,7710000,92.3,90.4,1,1
295,1,1,1,3,1,55,4730000,69.5,83.84,0,0
296,1,0,0,3,0,50,6630000,98.5,89.28,1,1
297,1,1,1,0,1,51,4020000,62.8,88.1,1,0
298,1,0,0,1,0,44,8370000,65.3,83.54,0,0
299,0,0,0,3,0,53,5660000,76.9,89.97,0,1
300,0,0,1,4,0,51,5460000,80.6,85.23,0,0
301,0,0,1,0,1,54,5670000,65.4,81.76,0,0
302,0,0,0,1,1,46,4980000,47.8,84.72,0,0
303,0,1,1,3,0,49,6910000,84.6,91.38,1,1
304,0,0,0,3,1,51,5550000,68.2,87.61,0,1
305,1,1,0,2,0,49,5520000,65.3,87.58,1,1
306,0,1,1,3,0,48,7310000,105.5,87.66,1,1
307,0,0,0,3,0,53,5390000,47.1,81.0,1,0
308,0,0,1,4,0,47,5840000,90.2,86.36,1,0
309,1,1,0,2,0,55,4450000,77.4,84.93,1,0
310,0,1,0,4,0,48,3440000,58.3,84.07,1,0
311,0,0,0,4,1,53,3310000,66.6,83.14,0,0
312,1,1,0,2,0,53,4110000,73.2,85.7,1,0
313,0,0,0,4,1,56,3380000,69.1,84.06,0,0
314,1,0,1,1,1,54,6530000,66.6,89.2,0,1
315,0,1,1,4,1,54,4120000,80.8,92.07,0,1
316,1,1,1,4,0,51,5310000,70.9,83.42,1,0
317,0,0,1,1,1,55,4880000,95.1,90.47,0,1
318,0,1,0,1,1,55,5780000,85.1,85.9,1,1
319,1,0,0,0,1,47,6410000,20.0,81.46,0,0
320,1,0,1,4,1,59,3800000,66.6,82.98,0,0
321,0,0,1,0,1,60,3860000,70.5,84.83,0,0
322,0,0,0,4,1,56,3390000,80.5,84.04,0,0
323,0,1,1,1,0,47,5100000,40.6,82.32,1,0
324,1,0,0,3,0,50,6920000,91.5,90.79,1,1
325,0,1,0,4,1,55,2920000,67.0,82.93,1,0
326,0,1,1,1,0,46,4010000,58.5,84.11,1,0
327,0,0,0,4,1,53,4510000,66.7,87.71,0,0
328,1,0,1,1,0,48,5750000,66.9,82.11,0,0
329,0,1,0,4,1,54,5250000,69.6,84.81,1,1
330,1,0,1,4,1,53,4360000,75.2,83.29,0,0
331,1,0,0,4,0,51,5940000,62.8,82.23,0,0
332,0,1,0,1,1,52,3640000,59.4,84.59,1,0
333,1,1,1,0,1,58,5060000,48.4,86.75,0,0
334,0,1,0,4,1,54,5560000,79.9,83.41,1,1
335,0,0,1,3,0,54,8650000,76.7,90.03,1,1
336,0,1,0,1,0,40,3810000,44.7,81.0,1,0
337,1,1,1,3,0,52,6450000,65.1,86.14,1,0
338,0,0,1,2,0,53,5810000,107.1,88.37,1,1
339,0,1,0,3,0,50,6250000,79.9,90.96,1,1
340,1,0,0,3,1,52,4740000,76.0,79.11,0,1
341,0,0,0,1,1,52,3260000,57.1,80.26,0,0
342,0,0,1,1,1,50,4660000,51.1,85.87,0,0
343,1,0,1,4,0,51,5140000,67.6,83.26,0,0
344,1,1,1,3,0,52,6230000,84.4,86.39,1,0
345,0,1,1,1,1,46,3800000,57.4,84.84,1,0
346,0,1,0,3,0,51,5630000,93.5,85.19,1,1
347,0,1,0,4,1,55,6340000,91.6,90.95,0,1
348,0,0,1,1,1,51,4860000,54.3,84.33,0,0
349,0,1,0,4,1,54,7570000,71.3,88.33,1,1
350,0,1,0,4,0,51,5950000,86.2,88.76,1,1
351,1,0,0,2,1,52,5240000,60.2,91.2,1,1
352,1,1,0,2,0,52,5480000,56.1,90.51,1,1
353,1,1,0,4,0,43,6800000,76.2,82.62,1,0
354,0,1,1,1,1,55,6490000,72.5,84.22,0,0
355,0,0,0,1,1,47,4600000,52.7,83.92,1,0
356,0,1,0,4,0,52,5500000,97.7,85.13,1,1
357,0,0,1,4,1,57,6690000,89.8,89.87,0,1
358,0,1,1,3,0,52,5090000,96.2,82.28,1,1
359,0,1,0,4,0,46,3470000,61.2,83.73,1,0
360,0,0,0,1,1,50,6840000,53.5,81.78,0,0
361,1,1,1,1,0,48,4640000,51.7,85.14,1,0
362,0,0,0,3,1,50,5580000,62.4,89.9,0,1
363,1,1,0,3,0,49,6740000,81.5,89.87,1,0
364,0,0,0,3,0,52,6450000,82.3,88.27,1,1
365,0,1,0,4,0,43,3800000,48.5,79.1,1,0
366,1,0,0,4,0,50,6400000,81.3,85.36,0,1
367,0,0,0,1,1,50,4640000,50.8,83.92,0,0
368,0,0,0,1,0,46,5570000,35.2,82.31,0,0
369,0,1,1,2,1,56,6090000,75.8,85.13,0,1
370,0,1,0,1,1,57,3070000,75.8,85.02,0,0
371,0,0,1,1,1,57,3370000,71.6,84.67,0,0
372,0,1,1,1,1,59,5170000,83.4,87.65,0,1
373,0,0,0,1,1,54,5920000,88.2,83.23,0,1
374,0,0,1,4,1,51,7320000,77.6,86.81,0,1
375,0,0,1,1,1,51,6670000,71.6,85.12,0,0
376,0,0,1,3,1,55,2450000,86.4,85.18,0,0
377,1,1,0,2,0,50,4740000,96.9,84.93,1,0
378,1,1,0,0,1,53,5370000,38.1,82.5,0,0
379,0,0,0,4,1,54,4590000,79.5,89.54,0,1
380,0,1,1,4,0,51,7310000,90.8,91.89,1,1
381,0,0,0,1,1,53,3890000,56.7,83.25,0,0
382,0,1,0,4,0,50,3440000,76.4,88.65,1,0
383,0,1,1,2,1,55,5010000,86.3,82.13,0,1
384,0,1,1,1,1,53,3460000,71.8,84.48,1,0
385,0,1,1,4,0,52,6370000,89.4,85.48,1,1
386,0,1,0,4,1,55,5770000,74.3,84.29,0,0
387,0,0,0,2,1,59,4390000,115.7,87.16,0,1
388,1,0,0,1,0,49,6900000,68.4,86.93,1,1
389,1,1,1,2,0,55,3030000,103.4,89.26,1,0
390,0,1,1,3,0,51,7120000,105.9,88.74,1,1
391,0,1,1,4,1,58,5280000,78.0,85.84,0,1
392,1,0,0,3,1,48,5870000,56.5,82.11,0,0
393,0,1,0,1,1,50,3540000,58.8,82.63,1,0
394,0,1,0,4,0,49,3340000,64.3,83.59,1,0
395,0,0,1,0,1,58,5520000,64.0,80.75,0,0
396,1,1,0,4,0,51,5010000,78.7,84.11,0,0
397,1,0,0,3,0,50,6740000,80.4,87.52,1,1
398,0,0,0,4,1,51,5480000,77.3,90.4,0,1
399,0,0,1,3,0,43,4160000,63.5,87.68,1,0
400,1,1,1,0,1,53,4480000,52.5,84.74,1,0
401,0,1,0,0,1,56,3090000,69.4,84.66,0,0
402,0,0,1,3,0,50,6530000,100.1,87.42,1,1
403,0,0,1,0,1,54,4350000,55.2,85.68,0,0
404,1,0,1,0,0,47,8380000,81.2,93.07,1,1
405,1,0,1,4,1,54,5920000,69.3,84.33,0,1
406,1,1,0,1,1,53,6110000,75.6,85.84,1,1
407,0,1,1,3,0,51,5770000,78.0,94.06,1,1
408,0,0,0,4,1,55,4650000,74.9,83.64,0,0
409,0,1,1,0,1,49,5040000,35.7,83.21,0,0
410,0,1,1,4,0,52,4160000,58.6,81.94,1,0
411,1,1,1,4,1,56,6040000,75.6,87.46,1,1
412,0,0,0,1,1,52,3920000,91.1,91.63,0,1
413,0,1,0,1,1,58,3020000,81.2,78.92,1,0
414,1,0,1,4,1,50,5810000,59.1,82.48,0,0
415,1,0,0,2,0,55,4330000,68.5,84.91,0,0
416,1,1,1,2,0,53,3680000,85.9,85.63,1,0
417,1,1,0,4,0,51,6440000,114.8,86.6,1,1
418,1,1,0,2,0,53,6040000,74.9,86.66,1,0
419,0,0,1,1,1,53,3110000,73.1,84.01,0,0
420,1,0,1,0,1,50,6610000,62.4,87.01,1,1
421,1,0,0,3,0,48,6190000,68.0,84.57,1,0
422,0,1,1,4,1,56,3260000,62.1,84.42,0,0
423,1,1,1,3,0,55,4660000,82.4,84.77,1,0
424,1,0,0,1,1,58,5570000,51.1,85.81,0,1
425,0,0,0,1,1,57,4420000,60.6,85.23,0,0
426,1,1,0,3,0,48,6180000,76.0,86.11,1,0
427,0,0,1,1,1,56,5360000,86.3,84.78,0,0
428,0,0,1,3,0,55,3830000,77.5,86.68,1,0
429,0,0,1,0,1,54,6860000,74.9,84.0,0,0
430,0,1,0,3,0,48,4260000,75.9,90.31,1,1
431,0,0,1,1,1,51,9410000,76.2,83.7,0,1
432,0,1,0,1,0,44,3280000,62.8,82.58,1,0
433,0,1,1,0,1,57,3740000,63.0,85.23,0,0
434,0,1,1,0,1,55,4060000,62.2,85.61,1,0
435,0,0,0,4,1,47,3940000,52.2,83.41,0,0
436,0,0,0,1,1,53,6690000,91.3,85.33,0,1
437,1,1,0,3,0,47,5910000,99.7,86.18,1,0
438,0,0,1,1,1,54,4180000,64.4,84.04,0,0
439,0,0,1,4,0,52,5720000,40.6,80.73,1,0
440,1,0,1,3,0,53,5540000,96.0,85.39,1,1
441,0,1,1,3,0,49,6290000,84.9,91.82,1,1
442,0,0,1,4,1,59,1790000,90.5,81.65,0,0
443,0,0,0,4,1,57,2740000,89.8,83.56,0,0
444,0,1,1,1,0,54,5290000,89.3,84.72,1,0
445,0,1,0,3,0,47,6650000,94.4,85.79,1,1
446,0,1,1,2,0,50,4910000,76.2,93.01,1,1
447,1,1,0,3,0,47,6610000,87.9,89.52,1,0
448,0,1,0,1,1,52,4090000,63.1,85.45,1,0
449,0,1,1,4,0,53,7300000,95.9,89.42,0,1
450,1,1,1,0,0,51,7220000,82.3,88.19,1,1
451,1,0,1,4,0,51,6480000,96.7,88.35,1,1
452,0,1,0,3,0,51,5040000,91.0,96.72,1,1
453,1,0,1,4,1,53,4530000,67.0,82.13,0,0
454,1,0,1,4,1,49,5530000,57.1,80.05,0,0
455,0,0,0,4,1,53,8430000,81.0,84.3,0,1
456,0,1,1,4,0,52,5810000,87.8,86.72,1,0
457,0,0,1,0,1,51,5340000,46.9,86.66,0,0
458,1,0,1,4,1,54,5780000,69.3,85.34,0,1
459,0,0,0,1,1,52,10000000,87.6,83.67,0,1
460,0,1,1,3,0,51,6120000,79.0,89.63,1,1
461,0,0,0,0,1,58,4640000,57.0,86.6,0,0
462,1,0,0,1,1,59,4700000,101.1,84.08,0,1
463,1,0,1,4,0,49,6580000,76.7,86.71,1,0
464,0,0,0,4,1,51,7320000,82.5,86.47,0,1
465,1,0,1,3,0,50,6670000,52.8,86.59,1,1
466,1,0,1,4,0,50,6020000,94.4,87.2,1,1
467,0,0,1,4,1,52,1770000,78.1,83.79,0,0
468,0,0,1,4,1,53,7160000,83.3,87.5,0,1
469,0,0,0,1,1,51,2820000,64.6,83.18,0,0
470,0,0,0,4,1,53,6680000,64.6,85.23,0,1
471,1,0,0,1,0,46,7790000,67.7,87.27,1,1
472,0,0,1,1,1,54,8280000,77.7,81.12,0,1
473,1,1,1,0,1,54,5480000,22.9,80.73,1,0
474,1,0,0,2,0,52,4970000,76.4,87.5,1,0
475,0,1,0,0,1,52,4680000,40.8,82.88,0,0
476,0,1,0,3,1,52,5730000,77.0,89.97,1,1
477,1,1,0,3,0,45,7400000,70.7,84.56,1,0
478,0,1,0,1,1,52,2940000,80.4,85.5,1,0
479,0,0,1,3,0,48,4070000,59.4,80.69,0,0
480,1,1,0,3,0,55,4850000,73.5,84.12,1,0
481,0,1,1,3,0,47,7130000,79.3,88.35,1,1
482,0,1,0,4,1,48,3180000,59.5,81.86,1,0
483,0,0,0,3,0,49,6200000,74.8,89.14,1,1
484,0,1,1,1,1,58,4290000,67.3,85.2,1,0
485,0,1,1,0,1,52,3450000,63.7,84.51,0,0
486,0,0,1,0,1,53,4110000,60.2,84.3,0,0
487,1,1,1,0,1,56,4540000,49.8,84.56,0,0
488,1,1,1,4,0,52,6210000,77.2,85.91,1,0
489,0,1,1,2,0,51,5350000,85.1,83.3,1,1
490,0,1,0,2,0,48,6090000,74.4,95.81,1,1
491,0,1,1,3,0,52,5940000,91.7,84.85,1,1
492,0,1,0,4,0,50,7540000,96.5,91.84,1,1
493,0,0,1,4,1,54,6310000,60.3,85.89,0,0
494,0,1,1,4,1,50,7000000,93.1,86.93,0,1
495,0,1,0,4,0,53,6670000,116.3,90.92,1,1
496,0,1,1,2,0,46,4810000,76.5,94.28,1,1
497,0,0,0,1,1,58,4000000,63.3,83.87,0,0
498,1,1,0,3,0,46,7460000,62.5,86.86,1,0
499,1,1,0,1,0,53,6720000,84.6,89.39,1,1
500,1,0,0,4,1,54,6460000,59.8,88.59,0,1
501,0,0,1,4,1,54,5140000,85.4,86.31,0,0
502,1,1,0,1,1,54,4740000,40.9,83.55,1,0
503,0,1,1,3,0,51,5130000,75.3,94.24,1,1
504,0,1,1,3,1,54,6210000,80.5,83.99,1,1
505,1,1,1,0,1,56,4160000,59.6,85.83,0,0
506,0,0,1,0,1,55,4440000,58.0,86.09,0,0
507,0,0,1,3,0,48,7160000,71.0,88.46,1,1
508,0,1,0,1,1,57,3750000,82.4,90.33,0,0
509,0,1,1,4,0,53,7390000,94.3,92.39,0,1
510,1,1,1,4,0,47,5440000,67.0,81.16,1,0
511,0,0,1,4,0,48,3770000,65.7,83.79,1,0
512,1,0,0,3,1,51,5850000,68.3,84.85,1,1
513,1,0,0,3,1,58,5680000,75.5,87.97,0,0
514,1,1,1,3,0,55,3550000,79.3,93.7,1,1
515,0,1,0,1,1,54,4230000,57.7,84.89,1,0
516,0,1,0,1,1,56,4490000,60.4,84.63,1,0
517,0,0,0,4,0,48,6420000,69.3,84.15,0,0
518,0,1,1,4,0,45,5340000,40.5,83.78,1,0
519,1,0,1,3,1,55,5220000,63.5,83.22,0,1
520,1,1,1,2,0,52,4170000,90.4,84.21,1,0
521,1,0,1,1,1,59,5390000,63.3,86.49,0,1
522,0,1,0,1,1,56,5990000,70.6,83.1,0,0
523,0,0,0,4,1,52,6910000,81.5,86.83,0,1
524,0,1,0,3,0,50,6590000,76.0,91.77,1,1
525,0,1,0,1,1,52,2790000,72.5,85.3,1,0
526,1,0,0,1,1,54,6520000,84.8,87.5,1,1
527,1,0,1,3,0,50,4710000,63.0,84.99,0,0
528,1,1,0,3,0,47,6520000,84.3,83.43,1,1
529,0,1,0,4,0,40,3910000,48.7,80.8,1,0
530,1,0,1,4,0,47,6220000,74.4,84.61,1,0
531,0,1,1,0,1,55,3460000,64.6,85.1,0,0
532,0,1,1,4,1,52,6730000,85.1,90.49,0,1
533,0,1,0,1,0,50,8120000,71.6,90.32,1,1
534,0,1,1,1,1,58,2140000,82.9,83.53,1,0
535,1,0,1,4,1,54,5450000,70.3,85.41,0,1
536,1,1,0,4,0,50,5970000,71.9,82.98,1,0
537,0,1,0,1,0,50,7650000,97.3,86.88,1,1
538,0,0,1,4,0,46,4150000,52.4,81.06,1,0
539,0,1,0,4,0,51,5850000,95.9,92.43,1,1
540,0,1,0,4,0,48,4240000,68.4,86.52,1,0
541,0,0,0,3,0,51,5840000,83.4,93.04,1,1
542,0,0,1,4,1,51,5720000,75.3,86.35,0,1
543,1,1,1,4,1,54,4480000,97.0,82.46,0,1
544,0,1,0,1,0,49,7100000,81.5,84.05,1,0
545,0,1,0,4,1,52,3500000,66.9,85.11,1,0
546,1,1,0,3,0,49,4750000,87.0,83.45,1,0
547,1,1,0,2,0,52,5810000,81.3,88.73,1,0
548,0,0,1,1,1,55,3070000,68.7,83.3,0,0
549,1,1,1,3,1,57,4030000,77.8,83.34,1,0
550,1,0,1,2,1,51,5000000,63.8,81.24,0,1
551,1,0,1,1,1,58,4560000,77.7,83.87,0,1
552,0,0,0,1,1,53,6360000,85.3,88.35,0,1
553,0,1,1,4,1,56,5910000,91.3,85.29,0,1
554,1,1,0,3,0,53,3950000,75.9,84.31,1,0
555,1,1,1,3,0,48,7250000,77.5,89.25,1,1
556,0,0,0,4,1,52,7540000,69.4,86.98,0,1
557,0,0,1,2,0,41,3020000,50.6,77.18,1,0
558,1,1,0,2,0,52,4450000,71.0,84.79,1,0
559,0,1,1,4,0,50,3180000,72.4,85.01,1,0
560,1,1,0,2,0,45,7490000,60.0,87.25,1,1
561,1,0,1,4,1,53,5540000,63.6,84.53,0,0
562,0,0,0,0,1,54,4930000,96.9,86.97,0,1
563,1,0,1,0,0,46,7780000,114.8,91.5,1,1
564,1,1,1,3,1,53,3790000,80.0,90.82,1,1
565,0,1,0,4,0,52,7420000,82.6,86.82,1,1
566,0,0,0,4,1,54,5970000,74.3,85.68,0,1
567,0,1,1,3,1,59,3610000,85.2,78.67,0,1
568,0,0,0,4,1,52,4930000,66.4,90.18,0,1
569,0,1,1,4,1,53,6640000,81.0,89.22,0,1
570,0,0,1,4,1,57,6310000,92.8,88.96,0,1
571,1,0,1,4,0,55,6080000,94.9,89.96,1,1
572,0,0,1,4,1,56,3860000,68.6,82.24,0,0
573,0,1,0,2,0,50,6050000,106.1,84.28,1,1
574,0,1,0,0,1,51,3180000,63.0,83.62,1,0
575,0,0,0,0,1,56,6700000,98.2,86.6,0,1
576,1,1,1,0,1,54,5040000,43.5,84.87,0,0
577,0,1,1,3,0,50,8140000,78.3,89.24,1,1
578,0,1,1,3,0,50,3300000,101.9,96.23,1,1
579,0,0,1,1,1,53,2570000,100.0,91.43,0,1
580,1,1,1,3,0,52,3690000,84.7,82.67,1,0
581,0,1,1,3,0,52,5920000,99.4,86.0,1,1
582,0,1,0,1,0,54,7050000,69.6,84.15,0,0
583,0,1,0,4,0,45,7580000,110.3,88.4,1,1
584,0,1,0,3,0,53,6520000,95.4,94.34,1,1
585,0,1,1,4,1,56,2900000,79.7,86.94,0,0
586,0,1,0,4,0,52,8470000,83.7,88.09,0,1
587,1,1,0,1,0,52,6560000,89.9,88.76,1,1
588,0,1,0,3,0,52,6610000,93.2,92.0,1,1
589,0,1,1,1,1,54,5730000,70.4,84.12,1,1
590,1,1,0,3,0,46,5410000,89.9,84.05,1,0
591,0,0,0,1,1,55,5210000,61.1,81.19,0,0
592,0,0,0,3,1,54,5580000,80.7,90.49,0,1
593,0,1,1,4,0,54,3700000,66.9,82.45,1,0
594,1,0,1,3,1,52,5280000,81.3,91.6,0,1
595,1,1,0,2,0,48,5830000,68.8,98.0,1,1
596,0,0,0,1,1,55,5560000,90.5,89.42,0,1
597,0,0,1,4,1,53,5470000,92.8,91.9,0,1
598,1,0,0,4,0,51,6660000,71.4,87.36,0,1
599,0,0,1,4,1,55,6240000,71.9,87.55,0,1
600,1,0,1,0,1,55,5020000,45.0,87.09,0,0
601,0,0,0,1,1,55,8160000,84.7,83.15,0,1
602,0,1,1,4,1,52,4520000,79.2,89.44,0,1
603,1,0,0,4,1,53,5420000,79.0,87.37,0,1
604,1,1,0,2,0,54,3650000,71.6,85.13,1,0
605,0,0,0,4,1,50,4340000,51.9,81.74,0,0
606,0,1,0,4,1,55,6690000,99.3,91.51,0,1
607,0,1,1,3,0,52,7120000,77.8,92.68,1,1
608,0,0,1,4,1,53,5010000,49.8,85.81,0,0
609,0,0,1,1,1,50,3410000,57.7,80.4,0,0
610,0,1,1,0,1,52,3110000,67.0,83.69,0,0
611,1,1,1,3,0,49,5640000,92.5,85.66,1,0
612,0,1,1,3,0,52,7350000,72.1,90.79,1,1
613,1,0,0,4,0,47,6700000,66.9,85.36,0,0
614,0,0,1,0,1,59,4700000,95.6,87.63,0,1
615,0,0,1,3,1,57,4460000,81.7,83.06,0,1
616,0,1,1,4,0,50,5710000,73.4,84.68,1,0
617,1,1,0,2,0,52,5330000,76.5,94.93,1,1
618,0,1,0,0,1,62,6110000,87.2,88.74,1,1
619,1,0,1,3,1,53,6180000,68.5,83.82,0,0
620,1,1,1,0,0,52,7580000,81.4,89.9,1,1
621,0,0,0,1,1,52,4820000,71.2,83.54,0,1
622,0,0,0,1,1,55,4450000,78.7,84.99,0,1
623,1,1,0,3,0,45,4950000,87.0,82.35,1,0
624,0,0,1,2,1,56,4940000,68.5,82.96,0,1
625,0,1,1,0,1,58,1880000,79.0,83.47,0,0
626,0,1,0,4,1,50,1940000,70.9,81.33,1,0
627,0,0,0,4,0,49,3540000,53.9,79.83,1,0
628,0,1,0,1,1,58,3160000,88.0,89.06,1,0
629,1,0,0,4,1,53,5700000,75.5,83.64,0,1
630,0,1,1,3,0,52,6660000,77.6,90.29,1,1
631,1,0,1,3,0,50,5040000,60.6,84.67,0,0
632,0,0,0,3,1,58,3180000,65.7,85.22,0,0
633,0,1,0,3,0,51,5540000,105.9,94.04,1,1
634,0,1,0,1,1,54,5460000,76.2,80.79,0,0
635,1,0,0,4,1,56,5400000,91.9,88.39,0,1
636,1,1,0,1,0,52,7530000,69.6,91.3,1,1
637,1,0,1,4,1,50,6840000,58.6,83.59,0,0
638,0,0,0,1,1,52,4830000,85.7,86.99,0,1
639,0,0,0,1,1,60,3460000,63.0,81.33,0,0
640,1,1,1,4,0,48,7120000,76.0,83.35,1,0
641,0,0,0,4,1,59,3680000,74.7,84.04,0,0
642,1,1,1,3,0,52,6750000,71.0,87.78,1,0
643,0,1,0,1,1,54,4060000,61.6,85.54,0,0
644,0,0,1,2,0,53,2740000,85.1,84.9,1,0
645,0,0,1,2,1,56,4670000,70.4,82.75,0,1
646,0,0,1,4,1,54,6670000,78.7,88.52,0,1
647,0,0,1,2,0,51,3800000,68.8,85.12,1,0
648,0,0,0,4,1,52,7260000,74.2,89.05,0,1
649,0,0,1,3,1,54,4910000,71.3,82.12,0,1
650,1,1,1,2,0,55,3360000,83.9,85.62,1,0
651,0,1,0,1,1,53,5890000,72.5,83.86,0,0
652,0,1,1,0,1,60,4320000,58.8,87.15,0,0
653,0,0,0,1,1,51,5720000,86.3,84.66,0,1
654,0,0,1,4,1,51,6020000,67.7,84.94,0,0
655,1,0,1,4,0,47,7430000,54.5,85.62,0,0
656,0,0,0,4,1,54,6900000,90.4,91.29,0,1
657,1,0,0,3,0,53,5260000,71.7,86.05,0,0
658,0,1,0,1,1,54,7750000,90.6,89.02,0,1
659,1,1,1,2,0,50,6540000,74.6,87.62,1,0
660,0,0,0,1,1,60,3670000,83.5,88.3,0,0
661,0,0,0,4,1,54,4590000,55.8,81.34,0,0
662,0,0,1,4,0,48,5210000,37.9,81.35,1,0
663,1,0,1,0,1,61,5400000,56.2,88.43,0,0
664,1,1,0,4,0,51,6180000,74.0,83.96,1,0
665,0,0,1,4,1,51,5440000,85.0,88.79,0,1
666,0,0,0,0,1,44,5420000,24.7,81.71,0,0
667,0,0,0,0,1,49,7450000,92.6,83.55,0,1
668,0,1,1,0,1,56,4030000,64.5,83.68,0,0
669,0,1,1,3,0,52,5900000,102.9,87.68,1,1
670,0,0,0,4,1,52,7950000,74.7,86.17,0,1
671,1,0,1,3,0,49,5930000,74.6,84.87,1,0
672,0,1,1,2,0,50,6050000,107.5,85.46,1,1
673,0,0,1,4,0,55,7780000,86.3,89.5,0,1
674,1,1,1,4,1,57,4330000,81.2,82.95,1,0
675,0,1,0,1,1,49,3860000,60.3,85.07,1,0
676,1,1,0,3,0,56,4750000,86.6,84.93,1,0
677,0,0,1,3,1,59,5300000,94.2,86.85,0,1
678,0,1,0,3,0,55,7450000,86.3,93.78,1,1
679,0,1,1,1,1,54,7130000,60.6,86.85,1,1
680,1,1,0,2,1,52,5080000,61.8,80.34,0,1
681,1,1,1,4,1,55,5050000,74.3,84.06,0,1
682,1,1,1,2,0,45,6580000,67.0,83.02,1,0
683,1,0,0,1,1,53,5950000,90.8,85.41,1,1
684,0,1,1,3,1,57,5360000,92.3,86.79,1,1
685,1,1,0,0,1,59,5360000,71.8,87.23,0,1
686,0,1,1,4,0,52,5670000,82.6,85.57,0,0
687,0,1,1,4,0,52,7410000,74.9,89.39,1,1
688,0,1,0,4,0,52,5240000,100.0,91.65,1,1
689,0,0,1,0,1,54,3940000,101.1,88.07,0,1
690,0,0,1,3,0,51,8100000,74.6,86.33,0,1
691,0,1,0,4,0,49,7670000,97.1,90.52,1,1
692,1,1,0,3,0,43,6820000,81.1,86.44,1,0
693,1,0,0,4,1,50,5310000,67.3,84.31,0,0
694,1,1,0,3,0,53,3540000,113.2,86.0,1,0
695,1,0,0,4,1,52,5520000,82.5,84.59,0,1
696,0,0,1,3,0,52,7510000,64.9,87.24,0,1
697,0,1,0,3,0,53,6410000,93.8,92.66,1,1
698,0,1,0,3,0,50,7620000,80.1,90.52,1,1
699,0,0,1,4,1,49,4210000,52.4,81.59,1,0
700,0,0,0,4,1,54,7790000,70.0,84.72,0,1
701,1,0,1,4,1,52,5330000,96.2,83.34,0,1
702,1,0,1,3,1,53,6210000,54.8,86.59,0,0
703,0,0,1,4,0,46,4900000,51.6,82.62,1,0
704,0,0,1,1,0,51,4650000,53.9,84.06,1,0
705,0,0,1,1,0,52,6630000,66.8,85.3,0,0
706,1,0,1,4,1,52,6270000,60.8,84.34,0,0
707,0,0,1,0,1,56,5400000,97.7,83.17,0,1
708,1,1,0,2,0,49,6700000,89.3,88.44,1,1
709,0,0,0,4,1,53,4470000,85.2,86.66,0,1
710,1,1,1,4,0,48,6440000,71.1,83.05,1,0
711,0,1,1,0,1,52,4310000,53.7,87.21,0,0
712,0,1,1,1,1,57,5080000,88.1,83.57,0,0
713,1,0,0,2,0,48,5840000,63.8,85.97,1,0
714,0,1,1,4,1,50,4780000,105.7,92.31,0,1
715,0,1,1,1,1,53,3520000,105.1,93.72,1,1
716,0,1,0,1,1,56,3540000,73.1,86.28,0,0
717,0,0,0,1,1,58,4480000,69.5,86.43,0,0
718,1,1,0,2,0,50,5520000,74.2,86.74,1,0
719,0,0,1,0,1,52,3340000,56.3,81.99,0,0
720,0,0,1,4,0,50,4740000,56.7,84.02,1,0
721,1,0,0,3,1,59,3340000,53.4,83.04,0,0
722,0,0,1,4,1,54,5270000,72.7,85.47,0,0
723,0,1,1,4,1,50,6710000,71.2,89.82,1,1
724,0,1,0,1,1,56,3780000,74.5,78.94,0,0
725,1,0,1,0,1,57,6170000,67.0,92.25,0,1
726,0,1,0,0,0,44,5180000,41.1,83.52,1,0
727,0,1,0,1,1,47,3950000,50.8,82.67,1,0
728,0,0,0,1,1,53,4900000,100.5,90.21,0,1
729,0,0,1,1,0,49,5420000,38.0,83.59,1,0
730,0,1,1,3,0,54,2590000,84.5,95.94,1,1
731,0,0,1,4,1,52,4160000,69.1,86.14,0,1
732,0,0,1,4,0,54,5900000,77.2,86.64,0,0
733,1,0,0,4,0,49,6710000,63.8,86.82,1,1
734,1,1,1,3,0,46,5240000,87.2,84.53,1,0
735,0,1,1,1,0,47,6690000,80.4,84.3,1,0
736,0,0,0,4,0,52,3490000,88.3,92.8,1,1
737,1,0,0,4,1,53,6150000,54.4,85.46,0,1
738,0,1,0,4,1,52,7330000,77.9,87.5,0,1
739,0,1,1,3,1,53,6700000,64.9,89.67,1,1
740,0,1,1,2,0,48,3320000,72.8,83.63,1,0
741,0,1,0,3,0,49,6740000,77.2,87.0,1,1
742,1,1,1,3,0,45,7390000,103.7,85.24,1,1
743,0,1,1,3,0,49,6460000,83.8,92.05,1,1
744,1,1,0,4,1,56,4490000,69.7,81.34,0,0
745,0,0,1,1,0,51,6340000,74.3,83.96,0,0
746,0,0,1,1,1,55,3390000,101.7,90.28,0,1
747,0,1,0,1,1,53,2940000,73.3,85.82,0,0
748,0,0,0,4,0,47,2990000,73.8,82.29,0,0
749,1,1,1,2,0,53,4060000,84.7,84.0,1,0
750,0,1,0,3,0,50,7000000,82.7,89.66,1,1
751,0,0,1,3,0,52,5940000,83.8,85.34,1,1
752,1,0,1,2,0,53,7460000,58.2,90.95,1,1
753,1,1,1,3,0,55,4280000,85.5,85.42,1,0
754,0,1,1,4,1,52,4390000,89.0,91.4,1,1
755,1,1,0,3,0,50,4930000,86.1,91.88,1,1
756,0,1,1,1,1,49,4380000,49.8,82.47,1,0
757,0,1,0,4,0,49,7460000,78.0,87.39,0,1
758,0,1,1,1,1,54,4630000,53.9,84.99,1,0
759,0,0,0,1,1,52,4450000,42.2,81.83,0,0
760,0,0,1,1,1,55,5690000,82.7,85.89,0,1
761,0,1,0,3,0,54,8010000,74.4,90.43,1,1
762,1,1,1,4,0,51,6370000,82.5,89.31,1,1
763,0,0,1,1,1,54,4920000,85.3,88.31,0,1
764,0,0,1,4,1,55,6140000,70.7,87.19,0,1
765,1,0,0,3,0,53,6400000,90.4,88.57,1,1
766,0,1,0,1,1,59,5210000,86.7,87.0,1,1
767,1,0,0,3,1,58,2830000,87.9,75.0,0,1
768,0,1,0,3,1,50,3570000,75.0,91.15,1,1
769,0,0,1,1,1,53,3130000,60.6,81.2,0,0
770,0,0,1,4,1,53,7590000,83.9,88.84,0,1
771,1,1,0,0,1,54,3580000,58.7,85.99,0,0
772,1,1,0,2,0,50,6140000,87.4,86.19,1,0
773,0,1,0,1,0,52,4720000,95.7,83.01,1,0
774,1,1,0,4,0,49,7170000,74.8,87.19,1,1
775,0,1,0,4,1,49,6910000,71.6,87.47,0,1
776,1,0,1,3,1,53,5650000,67.4,86.74,0,0
777,0,1,0,2,0,44,7790000,85.3,85.73,1,1
778,0,0,1,1,1,65,4360000,65.7,86.55,0,0
779,1,1,1,1,0,51,6710000,75.3,84.86,1,1
780,1,1,0,3,0,51,5770000,75.8,86.01,1,0
781,0,1,1,4,0,54,4170000,101.9,95.23,1,1
782,0,0,1,3,0,53,4840000,57.3,83.28,1,0
783,1,0,1,3,0,53,5400000,67.2,86.03,0,0
784,0,0,1,1,1,54,6240000,71.8,82.63,0,1
785,1,0,1,2,0,54,5760000,79.3,90.97,1,0
786,0,0,0,1,1,53,4630000,55.1,85.19,0,0
787,1,0,1,1,0,51,7320000,68.3,87.02,0,1
788,0,1,1,4,1,52,6160000,85.4,86.57,1,1
789,1,1,0,2,0,53,4720000,66.6,84.71,1,0
790,0,1,0,3,1,52,6110000,59.2,84.44,1,1
791,1,0,0,3,1,55,4250000,57.2,78.83,0,1
792,1,0,0,3,0,54,4900000,81.4,86.47,1,0
793,0,1,1,3,1,55,5050000,81.2,83.36,0,1
794,1,1,1,3,0,53,5960000,83.8,92.85,1,1
795,0,0,0,4,0,50,7030000,78.7,86.54,1,1
796,1,1,0,0,1,48,5780000,37.1,84.21,1,0
797,1,1,0,4,1,56,4210000,42.9,80.56,0,1
798,0,0,1,1,1,53,6550000,84.7,84.39,0,1
799,1,1,1,4,0,50,5870000,86.5,85.51,1,0
800,1,0,0,4,0,49,7010000,73.3,84.9,1,0
801,0,1,0,2,0,50,4920000,113.1,82.93,1,1
802,1,1,0,0,1,53,4010000,55.4,85.31,1,0
803,0,0,0,3,0,49,2570000,73.1,83.07,1,0
804,1,0,1,4,1,53,6010000,53.4,84.68,0,0
805,1,1,1,4,1,54,5790000,89.8,85.89,1,1
806,0,1,0,3,0,51,6470000,77.0,92.25,1,1
807,1,0,1,4,1,54,5020000,76.5,83.05,0,1
808,0,1,0,2,1,54,5150000,74.7,81.05,1,1
809,0,1,0,3,0,51,7050000,85.2,91.49,1,1
810,0,1,0,0,1,47,4070000,41.4,80.99,1,0
811,0,0,1,0,1,57,4130000,60.4,85.23,0,0
812,0,1,1,4,0,47,5140000,49.7,86.29,1,0
813,0,1,0,1,0,50,4490000,60.0,85.95,1,0
814,1,1,0,1,0,45,7420000,76.3,88.58,1,1
815,0,0,0,1,0,50,7580000,84.9,86.8,0,0
816,1,0,1,4,0,42,7530000,67.7,84.76,0,0
817,1,1,0,3,0,51,5510000,87.6,83.9,1,0
818,0,0,1,3,1,49,7330000,67.2,83.64,0,1
819,0,0,1,4,1,54,6190000,98.3,89.27,0,1
820,1,0,1,4,1,53,6320000,70.5,86.19,1,1
821,0,0,1,1,1,54,5550000,93.3,88.71,0,1
822,0,0,0,4,1,56,5240000,85.9,91.0,0,1
823,1,1,1,1,0,52,4230000,60.3,84.6,1,0
824,1,0,1,1,1,60,5070000,81.2,85.97,0,1
825,1,1,1,4,0,52,6640000,81.8,87.7,1,1
826,0,1,0,3,0,52,6010000,87.8,92.03,1,1
827,1,0,0,3,1,55,4190000,54.4,81.77,0,1
828,1,1,0,0,1,52,4960000,36.0,82.5,1,0
829,1,0,1,0,1,59,3630000,56.2,82.44,0,0
830,0,0,0,1,0,49,7390000,68.7,84.66,0,0
831,0,1,0,3,0,50,5640000,87.6,92.45,1,1
832,0,0,1,1,1,55,5180000,61.3,88.02,0,0
833,1,0,1,4,1,56,3350000,87.4,93.45,1,1
834,0,1,0,3,0,45,6270000,71.0,89.08,1,1
835,0,0,1,3,1,51,7650000,64.2,87.03,0,1
836,1,1,1,3,0,52,6120000,65.8,84.55,1,0
837,0,0,0,1,1,56,5330000,82.2,88.85,0,1
838,1,1,1,2,0,49,4960000,81.7,85.37,1,0
839,1,0,1,1,0,47,8930000,40.9,89.86,1,1
840,0,1,1,0,1,54,3940000,65.1,84.12,0,0
841,0,1,1,3,0,52,6660000,79.2,90.19,1,1
842,1,0,0,3,0,56,5850000,101.6,88.16,0,1
843,0,1,0,1,1,56,5760000,89.9,85.93,0,1
844,0,1,0,2,1,57,4760000,85.5,85.13,0,1
845,0,1,1,4,0,52,3210000,83.0,89.02,1,0
846,0,0,0,4,1,52,6290000,63.0,85.61,0,1
847,1,0,1,3,1,55,5410000,56.2,83.48,0,1
848,1,1,1,4,1,55,4250000,68.6,81.93,0,0
849,0,1,1,2,0,49,5340000,80.4,94.06,1,1
850,0,1,0,4,0,50,5950000,99.9,83.64,1,1
851,0,0,1,0,1,55,5120000,99.0,87.08,0,1
852,1,1,0,3,0,44,6240000,77.6,83.2,1,0
853,1,0,0,4,1,53,5470000,76.0,82.55,0,1
854,0,0,1,0,1,60,5830000,63.4,80.4,0,0
855,0,0,1,0,1,54,6500000,57.0,82.37,0,0
856,1,0,1,0,0,45,7370000,79.2,86.31,1,1
857,0,1,1,4,1,53,6280000,62.1,85.02,1,1
858,0,1,0,4,0,50,7500000,88.2,88.13,1,1
859,0,0,1,1,0,49,6770000,81.0,83.7,0,0
860,1,1,0,0,1,53,4060000,62.8,88.07,0,0
861,0,1,1,4,1,53,6690000,80.0,86.77,0,1
862,0,1,1,1,1,53,3930000,60.9,84.01,1,0
863,0,0,0,1,1,58,4990000,48.8,81.6,0,0
864,1,0,0,3,0,50,6230000,85.4,82.26,1,1
865,0,0,1,4,1,54,6360000,77.6,87.66,1,1
866,0,0,0,1,1,62,5220000,53.0,84.32,0,0
867,1,0,1,3,1,52,4210000,66.9,83.8,0,0
868,0,1,0,4,0,49,6280000,96.4,89.97,1,1
869,1,1,1,3,0,54,4870000,80.6,84.42,0,0
870,0,0,0,4,1,55,5520000,89.1,92.89,0,1
871,0,1,0,4,1,51,3620000,92.2,91.98,1,1
872,0,1,0,0,1,44,5900000,27.8,82.69,1,0
873,1,0,0,4,1,53,5750000,68.8,83.53,0,1
874,0,0,0,4,1,54,5750000,61.3,84.85,0,0
875,1,0,0,0,0,51,7210000,91.9,89.11,1,1
876,0,1,1,0,1,54,3710000,65.7,85.09,0,0
877,1,1,0,2,0,54,3720000,85.3,84.64,1,0
878,1,1,1,4,0,51,4870000,92.1,81.69,1,0
879,0,0,0,1,1,53,5910000,82.0,87.67,0,1
880,1,1,0,2,0,49,4910000,68.7,84.64,1,0
881,0,1,0,1,1,58,3650000,64.6,84.14,0,0
882,1,0,0,3,1,54,4210000,76.0,91.73,1,1
883,0,1,0,4,1,49,2560000,70.3,82.51,1,0
884,1,1,0,3,1,60,4350000,63.7,83.06,0,0
885,1,0,1,3,0,56,5320000,74.8,86.64,1,0
886,0,0,0,1,1,52,4510000,93.1,87.48,0,1
887,1,0,0,1,0,54,5990000,97.3,89.36,0,1
888,0,0,1,1,1,54,4410000,48.4,83.68,0,0
889,1,1,0,2,0,45,6330000,64.1,83.55,1,0
890,1,0,0,4,0,45,8370000,81.7,92.24,1,1
891,0,0,0,4,1,55,5480000,96.3,91.84,0,1
892,1,1,1,3,0,52,6240000,75.5,87.08,1,1
893,0,1,1,4,0,53,4090000,88.8,84.53,1,0
894,1,1,1,2,0,48,5930000,68.7,85.86,1,0
895,1,0,1,3,1,55,4970000,73.5,85.76,0,0
896,0,1,1,4,1,53,5330000,86.6,89.49,0,1
897,1,1,1,4,0,49,6920000,66.7,87.04,1,1
898,1,0,1,3,0,51,6830000,74.0,86.56,0,0
899,1,1,0,3,1,49,6660000,53.1,84.06,1,1
900,0,0,0,4,1,52,6600000,84.0,88.36,0,1
901,1,1,0,3,0,51,6950000,88.4,86.85,1,0
902,0,1,1,4,1,54,6420000,70.0,84.69,0,1
903,0,0,0,3,1,58,3840000,63.7,83.59,0,0
904,1,0,0,4,1,53,4220000,66.8,80.29,0,0
905,0,1,1,3,0,48,5130000,89.7,92.55,1,1
906,0,0,0,4,1,51,8770000,67.4,84.75,0,1
907,1,0,1,2,0,51,8550000,61.9,85.36,0,1
908,1,0,0,4,1,60,2310000,76.7,75.62,0,1
909,0,1,1,3,0,51,6330000,69.0,84.5,1,1
910,1,0,1,4,1,53,4950000,67.1,82.74,0,1
911,0,1,0,1,1,55,3020000,67.0,84.86,1,0
912,0,1,0,4,0,51,4020000,67.1,83.63,1,0
913,1,0,0,3,0,53,4190000,79.7,84.57,0,0
914,1,0,1,0,1,61,5170000,43.8,81.97,0,0
915,0,0,1,3,1,53,7860000,66.2,87.09,0,1
916,1,0,1,3,0,52,5660000,64.3,84.54,0,0
917,1,1,1,2,0,50,5610000,71.5,87.6,1,0
918,0,1,0,4,1,53,7980000,91.0,87.5,0,1
919,1,1,0,1,0,50,5610000,75.8,81.07,1,0
920,1,1,0,4,0,50,6960000,58.2,86.47,1,1
921,0,0,1,3,0,55,6960000,80.6,94.05,1,1
922,1,0,1,4,1,55,5930000,62.7,83.7,0,1
923,0,1,1,1,1,52,4630000,72.9,81.45,1,0
924,0,0,1,3,1,52,4370000,75.2,91.38,1,1
925,0,1,1,2,0,51,6020000,96.0,87.63,1,1
926,0,0,0,4,1,55,4490000,88.6,89.42,0,1
927,0,1,0,4,0,54,4320000,86.8,83.17,1,0
928,0,1,0,0,1,56,3250000,67.8,83.94,0,0
929,0,1,1,3,0,57,5780000,99.0,88.61,1,1
930,0,1,1,1,0,48,5050000,36.5,81.41,1,0
931,1,1,1,0,1,51,4180000,44.0,82.62,0,0
932,1,0,1,3,0,55,6060000,90.4,90.41,1,1
933,1,1,1,4,1,56,5580000,84.8,86.57,0,1
934,0,1,1,3,0,47,6530000,82.3,90.77,1,1
935,0,0,1,1,1,52,6430000,61.2,82.06,0,0
936,0,0,1,4,1,53,4430000,64.7,84.76,0,0
937,0,1,1,4,1,57,5430000,93.4,85.5,1,1
938,0,1,1,0,1,51,5960000,29.2,82.41,0,0
939,1,0,0,3,1,55,5060000,78.1,85.34,0,1
940,1,0,1,1,1,56,4800000,74.7,84.59,0,1
941,0,0,1,1,1,55,6660000,63.3,84.26,0,0
942,0,1,0,4,1,56,3530000,92.2,83.82,1,0
943,0,0,0,1,1,51,4650000,43.5,81.18,0,0
944,0,1,1,3,0,52,3330000,90.0,97.0,1,1
945,1,1,0,4,0,50,5430000,91.9,81.08,1,1
946,1,0,0,3,1,54,4760000,46.7,80.18,0,1
947,0,0,1,1,0,54,3540000,77.3,85.13,1,0
948,0,0,0,4,1,54,3060000,70.7,81.65,0,0
949,0,1,1,0,1,54,3900000,64.1,84.7,0,0
950,0,1,1,3,1,60,2650000,84.1,86.61,1,0
951,0,0,0,4,1,52,3420000,74.5,86.56,0,0
952,0,1,1,4,1,52,2000000,80.0,84.03,1,0
953,1,0,1,4,0,52,5150000,98.0,84.49,0,1
954,1,1,0,3,0,50,4410000,76.4,82.89,1,0
955,0,1,0,1,1,52,2460000,69.4,82.27,0,0
956,0,0,0,1,1,55,5030000,98.0,87.12,0,1
957,1,1,1,3,0,55,4810000,88.4,93.87,1,1
958,1,0,1,2,0,49,4070000,62.7,84.15,1,0
959,0,0,1,1,1,55,5640000,57.1,82.91,0,0
960,0,0,0,3,1,52,5360000,75.0,88.84,1,1
961,1,1,1,4,0,51,4660000,83.4,80.42,1,0
962,0,1,0,4,0,45,3090000,69.5,81.73,1,0
963,1,0,1,0,1,56,5760000,85.0,86.68,0,1
964,0,0,0,4,1,57,6570000,60.0,87.87,0,0
965,1,0,1,4,0,50,5700000,78.8,83.35,0,0
966,0,1,0,3,0,50,7090000,80.1,89.82,1,1
967,1,0,0,3,1,52,4180000,94.6,79.11,0,1
968,1,1,0,2,0,51,6630000,62.5,90.62,1,1
969,0,1,1,3,1,53,5920000,63.7,87.52,1,1
970,0,1,1,4,0,55,8260000,91.1,88.25,1,1
971,1,0,0,4,1,57,4560000,85.9,83.55,0,1
972,0,1,1,3,1,51,5120000,64.0,91.73,0,1
973,0,1,1,1,1,53,1000000,107.1,90.28,0,1
974,0,1,1,4,1,53,5700000,98.1,89.1,1,1
975,1,1,1,3,0,47,5120000,82.0,82.1,1,0
976,0,1,1,4,1,56,3850000,60.9,82.33,1,0
977,0,0,0,4,1,51,6540000,64.4,85.98,0,1
978,0,0,0,1,1,57,4850000,93.8,86.85,0,1
979,0,0,0,1,0,52,5110000,54.8,84.5,1,0
980,0,1,1,2,1,52,5180000,78.4,81.06,1,1
981,0,0,1,4,1,51,5510000,76.8,85.52,0,0
982,1,0,0,4,0,49,6370000,70.7,85.3,1,1
983,1,1,1,3,0,48,6900000,59.6,85.14,1,0
984,0,0,1,0,1,57,4470000,57.2,87.19,0,0
985,1,0,0,1,0,53,6450000,90.7,87.66,1,1
986,0,0,0,1,1,61,3680000,60.9,80.63,0,0
987,1,1,1,2,0,47,4690000,93.6,88.2,1,0
988,0,0,0,1,1,54,7470000,78.6,86.38,0,1
989,1,1,1,4,0,49,6000000,71.9,84.58,1,0
990,0,0,0,1,1,54,6500000,99.7,89.59,0,1
991,0,1,0,4,0,51,6910000,74.2,86.87,1,1
992,0,1,0,1,1,53,3770000,65.1,85.27,1,0
993,0,1,1,4,0,53,5000000,50.8,84.54,1,0
994,0,1,0,1,1,52,3270000,65.0,85.16,0,0
995,1,0,0,4,0,49,7420000,63.6,85.99,1,1
996,0,1,0,1,0,51,7480000,84.3,89.72,1,1
997,1,0,1,1,1,49,5550000,75.2,79.56,0,1
998,0,1,1,3,0,53,5840000,105.8,87.18,1,1
999,0,1,1,0,1,50,2940000,69.1,86.13,1,0
